title,company,link
Sr. Software Engineer,ZenLedger,https://weworkremotely.com/remote-jobs/zenledger-sr-software-engineer
Full Stack Developer (Python & Vue.js),Motoinsight,https://weworkremotely.com/remote-jobs/motoinsight-full-stack-developer-python-vue-js
Full-Stack Software Engineer with Back-End Emphasis,ZenLedger,https://weworkremotely.com/remote-jobs/zenledger-full-stack-software-engineer-with-back-end-emphasis
"Sr. Software Engineer (Vue, PHP, Laravel)",GRIN,https://weworkremotely.com/remote-jobs/grin-sr-software-engineer-vue-php-laravel
Remote Full Stack Developer for Likvido (C#/.NET 5/VueJS/Kubernetes/Azure),Likvido,https://weworkremotely.com/remote-jobs/likvido-remote-full-stack-developer-for-likvido-c-net-5-vuejs-kubernetes-azure
Senior Frontend Engineer (Vue.js),Parse.ly,https://weworkremotely.com/remote-jobs/parse-ly-senior-frontend-engineer-vue-js-1
Vue.js Developer,X-Team,https://weworkremotely.com/remote-jobs/x-team-vue-js-developer
Remote Senior Frontend Developer for Likvido (VueJS/Vuex/Webpack/Sass),Likvido,https://weworkremotely.com/remote-jobs/likvido-remote-senior-frontend-developer-for-likvido-vuejs-vuex-webpack-sass
Senior Software Engineer Front End,Jupiter,https://remoteok.io/remote-jobs/105279-remote-senior-software-engineer-front-end-jupiter
Vuejs Developer,Data Cave Switzerland,https://remoteok.io/remote-jobs/105180-remote-vuejs-developer-data-cave-switzerland
Laravel Developer,Car & Classic,https://remoteok.io/remote-jobs/105158-remote-laravel-developer-car-classic
Creative Front End Developer,Series Eight,https://remoteok.io/remote-jobs/104725-remote-creative-front-end-developer-series-eight
Full Stack Software Engineer,Social Mobile,https://remoteok.io/remote-jobs/104678-remote-full-stack-software-engineer-social-mobile
Senior Fullstack Engineer,Remotesome,https://remoteok.io/remote-jobs/104605-remote-senior-fullstack-engineer-remotesome
Senior PHP Developer,Bonfire Funds Inc.,https://remoteok.io/remote-jobs/104294-remote-senior-php-developer-bonfire-funds-inc
Senior Frontend Developer,Likvido,https://remoteok.io/remote-jobs/104242-remote-senior-frontend-developer-likvido
Senior Full Stack Developer,Gfinity PLC,https://remoteok.io/remote-jobs/104224-remote-senior-full-stack-developer-gfinity-plc
Creative Front End Developer,Series Eight,https://remoteok.io/remote-jobs/104194-remote-creative-front-end-developer-series-eight
️ Laravel and Vuejs Developer,EasyPractice,https://remoteok.io/remote-jobs/104034-remote-laravel-and-vuejs-developer-easypractice
Fullstack JavaScript Developer,CIGen,https://remoteok.io/remote-jobs/103996-remote-fullstack-javascript-developer-cigen
Developer Experience Engineer,Storyblok GmbH,https://remoteok.io/remote-jobs/103871-remote-developer-experience-engineer-storyblok-gmbh
Frontend Developer,Pleased.com,https://remoteok.io/remote-jobs/103847-remote-frontend-developer-pleased-com
Engineering Manager,Carb Manager,https://remoteok.io/remote-jobs/103703-remote-engineering-manager-carb-manager
Senior Frontend Engineer,Clubhouse Software,https://remoteok.io/remote-jobs/103652-remote-senior-frontend-engineer-clubhouse-software
Senior Front End Developer,Backtracks.fm,https://remoteok.io/remote-jobs/103510-remote-senior-front-end-developer-backtracks-fm
Senior Full Stack Developer,Carb Manager,https://remoteok.io/remote-jobs/103401-remote-senior-full-stack-developer-carb-manager
Technical Lead,easyMoney,https://remoteok.io/remote-jobs/103072-remote-technical-lead-easymoney
Front End Developer,MarcoPolo Learning,https://remoteok.io/remote-jobs/102851-remote-front-end-developer-marcopolo-learning
Senior Fullstack Python Developer,Backtracks.fm,https://remoteok.io/remote-jobs/102525-remote-senior-fullstack-python-developer-backtracks-fm
Software Engineer Full Stack,Mainvest,https://remoteok.io/remote-jobs/102003-remote-software-engineer-full-stack-mainvest
Front End Developer,Flightradar24,https://remoteok.io/remote-jobs/100718-remote-front-end-developer-flightradar24
Web Developer,LearnCube,https://remoteok.io/remote-jobs/100457-remote-web-developer-learncube
Frontend Web Developer,Refurbed,https://remoteok.io/remote-jobs/100455-remote-frontend-web-developer-refurbed
Senior Front End Developer,Rebilly,https://remoteok.io/remote-jobs/100409-remote-senior-front-end-developer-rebilly
Senior Frontend Engineer,Octopods,https://remoteok.io/remote-jobs/100214-remote-senior-frontend-engineer-octopods-ltd
Experienced Frontend Developer,IGBlade,https://remoteok.io/remote-jobs/100211-remote-experienced-frontend-developer-igblade
Mid Senior Front End Developer,Series Eight,https://remoteok.io/remote-jobs/99709-remote-mid-senior-front-end-developer-series-eight
Senior Vue JavaScript Frontend Developer,"Love, Bonito",https://remoteok.io/remote-jobs/99696-remote-senior-vue-js-frontend-developer-love-bonito
Full Stack Developer,Weslink GmbH,https://remoteok.io/remote-jobs/99613-remote-full-stack-developer-weslink-gmbh
Full Stack Developer,Belighted,https://remoteok.io/remote-jobs/99548-remote-full-stack-developer-belighted
Vue Nuxt Developer,Front Porch Solutions,https://remoteok.io/remote-jobs/97017-remote-vue-or-nuxt-developer-front-porch-solutions
Frontend Developer,Sporty,https://remoteok.io/remote-jobs/96902-remote-frontend-developer-sporty
Senior Full Stack Developer,Bitbond,https://remoteok.io/remote-jobs/84641-remote-senior-full-stack-developer-bitbond
JavaScript Developer,RemoteLeads,https://remoteok.io/remote-jobs/84253-remote-javascript-developer-remoteleads
Frontend Developer,TestDome,https://remoteok.io/remote-jobs/84183-remote-frontend-developer-vue-js-asp-net-testdome
Senior Front End Developer,Likvido.com,https://remoteok.io/remote-jobs/83260-remote-senior-front-end-developer-likvido-com
Senior JavaScript Developer Vuejs,etg24 GmbH,https://remoteok.io/remote-jobs/83044-remote-senior-javascript-developer-vuejs-etg24-gmbh
Full Stack Developer,Uscreen,https://remoteok.io/remote-jobs/83028-remote-full-stack-developer-uscreen
Software Engineer Full Stack,Doximity,https://remoteok.io/remote-jobs/76493-remote-software-engineer-full-stack-doximity
Full Stack Developer Fully Startup,Specula.io,https://remoteok.io/remote-jobs/75688-remote-sr-full-stack-developer-node-vue-typescript-python-sql-elastic-fully-remote-startup-specula-io
Senior Software Engineer,Snowdrop,https://remoteok.io/remote-jobs/75658-remote-senior-software-engineer-snowdrop
Lead Full Stack Developer,Wyzer,https://remoteok.io/remote-jobs/75131-remote-lead-full-stack-developer-phoenix-vuejs-wyzer
Senior Front End Developer,Rebilly,https://remoteok.io/remote-jobs/74945-remote-senior-front-end-developer-rebilly
Senior PHP Developer,continued,https://remoteok.io/remote-jobs/74078-remote-senior-php-developer-full-stack-cakephp-laravel-vue-jquery-continued
Full Stack Go Software Engineer,Private Business Network,https://remoteok.io/remote-jobs/72309-remote-full-stack-go-software-engineer-private-business-network
Front End Developer,Carb Manager,https://remoteok.io/remote-jobs/71855-remote-front-end-developer-carb-manager
Front End JavaScript Developer with React Vue Angular,Soshace,https://remoteok.io/remote-jobs/71563-remote-front-end-javascript-developer-with-react-vue-or-angular-soshace
Ruby Rails + Vue JavaScript Engineer,PropertyNow,https://remoteok.io/remote-jobs/71467-remote-ruby-rails-vue-js-engineer-aud100k-propertynow
Lead Engineer,Fuigo,https://remoteok.io/remote-jobs/71436-remote-lead-engineer-fuigo
Front End JavaScript Developer,Soshace,https://remoteok.io/remote-jobs/71141-remote-front-end-javascript-developer-react-vue-angular2-soshace
Full Stack JavaScript Developer,Soshace,https://remoteok.io/remote-jobs/70901-remote-full-stack-javascript-developer-soshace
Vue.js Developer,Savvy Apps,https://remoteok.io/remote-jobs/70790-remote-vue-js-developer-savvy-apps
Senior Vuejs Engineer,Codelitt,https://remoteok.io/remote-jobs/70613-remote-senior-vuejs-engineer-codelitt
Full Stack JavaScript Developer,Soshace,https://remoteok.io/remote-jobs/70109-remote-full-stack-javascript-developer-soshace
Full Stack JavaScript Developer,Soshace,https://remoteok.io/remote-jobs/69895-remote-full-stack-javascript-developer-soshace
Full Stack Developer with React Experience,Codelitt,https://remoteok.io/remote-jobs/69888-remote-full-stack-developer-with-react-experience-codelitt
Front End JavaScript Developer,Soshace,https://remoteok.io/remote-jobs/69821-remote-front-end-javascript-developer-soshace
Lead Front End Developer with a Passion for UX,The Interaction Design Foundation,https://remoteok.io/remote-jobs/69759-remote-lead-front-end-developer-with-a-passion-for-ux-the-interaction-design-foundation
Application Developer,Blockstack,https://remoteok.io/remote-jobs/69751-remote-application-developer-blockstack
Front End Developer,C4Media,https://remoteok.io/remote-jobs/69456-remote-front-end-developer-remote-full-time-c4media
Full Stack JavaScript Developer,Soshace,https://remoteok.io/remote-jobs/69284-remote-full-stack-javascript-developer-soshace
Seeking Senior Full Stack PHP Developer,SMAR7 Apps LLC,https://remoteok.io/remote-jobs/69082-remote-seeking-senior-full-stack-php-developer-smar7-apps-llc
Full Stack Laravel Developer,Designer Wardrobe,https://remoteok.io/remote-jobs/61103-remote-full-stack-laravel-developer-designer-wardrobe
Front End Developer Vuejs,CareSend,https://remoteok.io/remote-jobs/102034-remote-front-end-developer-vuejs-caresend
Frontend Vuejs Software Engineer,BRG - The GAT Team,https://remoteok.io/remote-jobs/99882-remote-frontend-vuejs-software-engineer-brg-the-gat-team
Senior Vuejs FE Developer,Cycloid,https://remoteok.io/remote-jobs/99040-remote-senior-vuejs-fe-developer-cycloid
Senior Vuejs Developer,Codelitt,https://remoteok.io/remote-jobs/73236-remote-senior-vuejs-developer-codelitt
Experienced Laravel Vuejs Developer Needed,Curotec,https://remoteok.io/remote-jobs/68315-remote-experienced-laravel-vuejs-developer-needed-curotec
Senior Front End Developer Vuejs H F,Back Market,https://remoteok.io/remote-jobs/67049-remote-senior-front-end-developer-vuejs-h-f-back-market
"React/Vue Engineer, Digital Consumer Products, fully remote",Superformula,https://stackoverflow.com/jobs/461414/react-vue-engineer-digital-consumer-products-superformula
Vue.js Entwickler,"Computer Futures
                        via
Computer Futures Solutions GmbH",https://stackoverflow.com/jobs/524475/vuejs-entwickler-computer-futures
Senior Full-Stack Web Developer (Vue & Node),Nanome Inc,https://stackoverflow.com/jobs/511761/senior-full-stack-web-developer-vue-node-nanome-inc
"Front-End Developer (HTML, CSS, Vue.js, Animation)",Limesharp,https://stackoverflow.com/jobs/132347/front-end-developer-html-css-vuejs-animation-limesharp
Frontend Engineer – Vue.js,SpotMe,https://stackoverflow.com/jobs/535271/frontend-engineer-vuejs-spotme
Senior Frontend Engineer - VueJS,Mimacom,https://stackoverflow.com/jobs/539182/senior-frontend-engineer-vuejs-mimacom
Frontend Developer (Vue.js),The Motley Fool Inc,https://stackoverflow.com/jobs/536121/frontend-developer-vuejs-the-motley-fool-inc
Vue.js Developer (Remote),X-Team,https://stackoverflow.com/jobs/534462/vuejs-developer-remote-x-team
PHP Developer (Laravel | CakePHP | HTML5 | JS | Vue | Nuxt),Continued,https://stackoverflow.com/jobs/522977/php-developer-laravel-cakephp-html5-js-continued
JavaScript/Vue.js Developer - EdTech player oferring high-quality online courses,Pentalog,https://stackoverflow.com/jobs/530839/javascript-vuejs-developer-edtech-player-pentalog
Front-end Developer Vuejs,CareSend,https://stackoverflow.com/jobs/499953/front-end-developer-vuejs-caresend
Senior Front-end Developer (Vue.js) - Remote,Insider,https://stackoverflow.com/jobs/456300/senior-front-end-developer-vuejs-remote-insider
Fullstack Engineer – Node.js & Vue.js,SpotMe,https://stackoverflow.com/jobs/522023/fullstack-engineer-nodejs-vuejs-spotme
Senior Full Stack Web Engineer – Vue.js & Ruby on Rails,Blinkist,https://stackoverflow.com/jobs/530723/senior-full-stack-web-engineer-vuejs-ruby-on-blinkist
Senior Laravel / VUE Developer (Remote),Curotec,https://stackoverflow.com/jobs/533450/senior-laravel-vue-developer-remote-curotec
Full Stack Vue.JS Pro...Who Wants to Dent the Universe,Digital Masterplanning,https://stackoverflow.com/jobs/523933/full-stack-vuejs-prowho-wants-to-dent-the-digital-masterplanning
Lead Frontend Developer / Vue.js (m/f/x),refurbed,https://stackoverflow.com/jobs/483470/lead-frontend-developer-vuejs-m-f-x-refurbed
Technical Release Manager,Modus Create,https://stackoverflow.com/jobs/537831/technical-release-manager-modus-create
Atlassian Consultant,Modus Create,https://stackoverflow.com/jobs/536308/atlassian-consultant-modus-create
DevOps Engineer (AWS),Modus Create,https://stackoverflow.com/jobs/534503/devops-engineer-aws-modus-create
"Software Architect ( Angular 10, TypeScript)",Modus Create,https://stackoverflow.com/jobs/538110/software-architect-angular-10-typescript-modus-create
Data Architect ( Journey Orchestration),Modus Create,https://stackoverflow.com/jobs/538129/data-architect-journey-orchestration-modus-create
Senior Software Developer,"Hays
                        via
Hays PLC",https://stackoverflow.com/jobs/529296/senior-software-developer-hays
Senior Front-end / JS Developer (Remote),iubenda,https://stackoverflow.com/jobs/530802/senior-front-end-js-developer-remote-iubenda
Remote Elixir Engineer,Blue Code International AG,https://stackoverflow.com/jobs/530299/remote-elixir-engineer-blue-code-international-ag
"React/Vue Engineer, Digital Consumer Products, fully remote",Superformula,https://stackoverflow.com/jobs/461414/react-vue-engineer-digital-consumer-products-superformula
Vue.js Entwickler,"Computer Futures
                        via
Computer Futures Solutions GmbH",https://stackoverflow.com/jobs/524475/vuejs-entwickler-computer-futures
Senior Full-Stack Web Developer (Vue & Node),Nanome Inc,https://stackoverflow.com/jobs/511761/senior-full-stack-web-developer-vue-node-nanome-inc
"Front-End Developer (HTML, CSS, Vue.js, Animation)",Limesharp,https://stackoverflow.com/jobs/132347/front-end-developer-html-css-vuejs-animation-limesharp
Frontend Engineer – Vue.js,SpotMe,https://stackoverflow.com/jobs/535271/frontend-engineer-vuejs-spotme
Senior Frontend Engineer - VueJS,Mimacom,https://stackoverflow.com/jobs/539182/senior-frontend-engineer-vuejs-mimacom
Frontend Developer (Vue.js),The Motley Fool Inc,https://stackoverflow.com/jobs/536121/frontend-developer-vuejs-the-motley-fool-inc
Vue.js Developer (Remote),X-Team,https://stackoverflow.com/jobs/534462/vuejs-developer-remote-x-team
PHP Developer (Laravel | CakePHP | HTML5 | JS | Vue | Nuxt),Continued,https://stackoverflow.com/jobs/522977/php-developer-laravel-cakephp-html5-js-continued
JavaScript/Vue.js Developer - EdTech player oferring high-quality online courses,Pentalog,https://stackoverflow.com/jobs/530839/javascript-vuejs-developer-edtech-player-pentalog
Front-end Developer Vuejs,CareSend,https://stackoverflow.com/jobs/499953/front-end-developer-vuejs-caresend
Senior Front-end Developer (Vue.js) - Remote,Insider,https://stackoverflow.com/jobs/456300/senior-front-end-developer-vuejs-remote-insider
Fullstack Engineer – Node.js & Vue.js,SpotMe,https://stackoverflow.com/jobs/522023/fullstack-engineer-nodejs-vuejs-spotme
Senior Full Stack Web Engineer – Vue.js & Ruby on Rails,Blinkist,https://stackoverflow.com/jobs/530723/senior-full-stack-web-engineer-vuejs-ruby-on-blinkist
Senior Laravel / VUE Developer (Remote),Curotec,https://stackoverflow.com/jobs/533450/senior-laravel-vue-developer-remote-curotec
Full Stack Vue.JS Pro...Who Wants to Dent the Universe,Digital Masterplanning,https://stackoverflow.com/jobs/523933/full-stack-vuejs-prowho-wants-to-dent-the-digital-masterplanning
Lead Frontend Developer / Vue.js (m/f/x),refurbed,https://stackoverflow.com/jobs/483470/lead-frontend-developer-vuejs-m-f-x-refurbed
Technical Release Manager,Modus Create,https://stackoverflow.com/jobs/537831/technical-release-manager-modus-create
Atlassian Consultant,Modus Create,https://stackoverflow.com/jobs/536308/atlassian-consultant-modus-create
DevOps Engineer (AWS),Modus Create,https://stackoverflow.com/jobs/534503/devops-engineer-aws-modus-create
"Software Architect ( Angular 10, TypeScript)",Modus Create,https://stackoverflow.com/jobs/538110/software-architect-angular-10-typescript-modus-create
Data Architect ( Journey Orchestration),Modus Create,https://stackoverflow.com/jobs/538129/data-architect-journey-orchestration-modus-create
Senior Software Developer,"Hays
                        via
Hays PLC",https://stackoverflow.com/jobs/529296/senior-software-developer-hays
Senior Front-end / JS Developer (Remote),iubenda,https://stackoverflow.com/jobs/530802/senior-front-end-js-developer-remote-iubenda
Remote Elixir Engineer,Blue Code International AG,https://stackoverflow.com/jobs/530299/remote-elixir-engineer-blue-code-international-ag
Senior Full-Stack Django/Python Developer,"Share Edge, LLC",https://stackoverflow.com/jobs/501234/senior-full-stack-django-python-developer-share-edge-llc
Senior Front End Full Stack Developer - Remote Opportunity,QuiviQ,https://stackoverflow.com/jobs/533777/senior-front-end-full-stack-developer-remote-quiviq
Senior Software Engineer (Full Stack),ActivTrak,https://stackoverflow.com/jobs/533447/senior-software-engineer-full-stack-activtrak
Full Stack Javascript Software Engineer,SDVI,https://stackoverflow.com/jobs/254207/full-stack-javascript-software-engineer-sdvi
Frontend Engineer gesucht – Remote oder in einem unserer Büros,Studitemps,https://stackoverflow.com/jobs/126337/frontend-engineer-gesucht-remote-oder-in-einem-studitemps
Front End Engineer,SiteZeus,https://stackoverflow.com/jobs/535321/front-end-engineer-sitezeus
Software Engineering Manager,SmileDirectClub,https://stackoverflow.com/jobs/530406/software-engineering-manager-smiledirectclub
Front End Engineer,LeadIQ,https://stackoverflow.com/jobs/523334/front-end-engineer-leadiq
Senior Frontend Developer needed to save the planet,The Sustainables BV,https://stackoverflow.com/jobs/533989/senior-frontend-developer-needed-to-save-the-the-sustainables-bv
Senior Python/Django Full-stack Developer,Apicbase Belgium,https://stackoverflow.com/jobs/515716/senior-python-django-full-stack-developer-apicbase-belgium
Frontend Developer (LATAM REMOTE),Arative Technologies,https://stackoverflow.com/jobs/528678/frontend-developer-latam-remote-arative-technologies
Senior Full Stack Developer,OnCall Health,https://stackoverflow.com/jobs/522342/senior-full-stack-developer-oncall-health
Software Architect / Code Reviewer / Mentor - Part-time,Arcanys,https://stackoverflow.com/jobs/485542/software-architect-code-reviewer-mentor-arcanys
Front-end Engineer (Full-Remote in Japan*),PayPay Corporation.,https://stackoverflow.com/jobs/292635/front-end-engineer-full-remote-in-japan-paypay-corporation
"Remote Senior Software Engineer, JavaScript",Verys,https://stackoverflow.com/jobs/539279/remote-senior-software-engineer-javascript-verys
Frontend Developer (m/f/d),WPS Management GmbH,https://stackoverflow.com/jobs/293572/frontend-developer-m-f-d-wps-management-gmbh
Frontend Engineer,LiveSchool Inc.,https://stackoverflow.com/jobs/517128/frontend-engineer-liveschool-inc
Senior Full-Stack JavaScript Developer,Jibble,https://stackoverflow.com/jobs/538073/senior-full-stack-javascript-developer-jibble
Software Engineer (Full-stack),Parenthetic,https://stackoverflow.com/jobs/527828/software-engineer-full-stack-parenthetic
Cloud Software Engineer for IoT Products,Paessler AG,https://stackoverflow.com/jobs/412301/cloud-software-engineer-for-iot-products-paessler-ag
Senior Backend Engineer (.NET Core),"Unanet, Inc.",https://stackoverflow.com/jobs/536877/senior-backend-engineer-net-core-unanet-inc
Senior Node/React Full-Stack Developer,"Gorilla Logic, Inc.",https://stackoverflow.com/jobs/523491/senior-node-react-full-stack-developer-gorilla-logic-inc
Full-Stack (Ruby on Rails and Javascript) Person Who Can Write Code,"Dorsata, Inc.",https://stackoverflow.com/jobs/312462/full-stack-ruby-on-rails-and-javascript-person-dorsata-inc
Senior Frontend Engineer (f/m/d),real.digital,https://stackoverflow.com/jobs/501205/senior-frontend-engineer-f-m-d-realdigital
Lead Full Stack Java Developer - Remote US,Lumen,https://stackoverflow.com/jobs/523482/lead-full-stack-java-developer-remote-us-lumen
Senior Full Stack Developer,"Dash Hudson
                        via
Alongside",https://stackoverflow.com/jobs/536073/senior-full-stack-developer-dash-hudson
Backend Node.js Developer (LATAM REMOTE),Arative Technologies,https://stackoverflow.com/jobs/528677/backend-nodejs-developer-latam-remote-arative-technologies
Software Engineer,UpMetrics,https://stackoverflow.com/jobs/496289/software-engineer-upmetrics
Frontend Software Developer (f/m/d) for SaaS products,Trusted Shops GmbH,https://stackoverflow.com/jobs/538370/frontend-software-developer-f-m-d-for-saas-trusted-shops-gmbh
.Net Software Developer,Geotab,https://stackoverflow.com/jobs/528786/net-software-developer-geotab
Senior Software Engineer (Chatbot) at SaaS Healthcare Company,The Jellyvision Lab Inc.,https://stackoverflow.com/jobs/500471/senior-software-engineer-chatbot-at-saas-the-jellyvision-lab-inc
Senior Frontend Engineer - Databento (Fully Remote),Unusual Ventures,https://stackoverflow.com/jobs/524277/senior-frontend-engineer-databento-fully-unusual-ventures
*REMOTE* Senior Kotlin (Java) Backend Engineer (m/w/d) TVNOW Streaming Plattform,"AVANTGARDE - ""Creating Fans""",https://stackoverflow.com/jobs/468935/remote-senior-kotlin-java-backend-engineer-m-avantgarde-creating-fans
Senior Full Stack Engineer,Addison Group,https://stackoverflow.com/jobs/498138/senior-full-stack-engineer-addison-group
*Remote* Teamlead / Lead Engineer Node.js B2B Mobility Platform@ShareNow (m/f/x),"AVANTGARDE - ""Creating Fans""",https://stackoverflow.com/jobs/538107/remote-teamlead-lead-engineer-nodejs-b2b-avantgarde-creating-fans
Senior Ruby on Rails Engineer,Hubstaff,https://stackoverflow.com/jobs/539173/senior-ruby-on-rails-engineer-hubstaff
Senior Backend Engineer - Elixir,Remote,https://stackoverflow.com/jobs/533358/senior-backend-engineer-elixir-remote
Senior Full Stack Engineer,Addison Group,https://stackoverflow.com/jobs/499942/senior-full-stack-engineer-addison-group
Backend Engineer,Alice,https://stackoverflow.com/jobs/513756/backend-engineer-alice
Open Source Software Engineer,"Progressive
                        via
Progressive, ein Geschäftszweig der SThree GmbH",https://stackoverflow.com/jobs/504205/open-source-software-engineer-progressive
Senior JavaScript Developer,Särmä Digital Oy,https://stackoverflow.com/jobs/330722/senior-javascript-developer-s%C3%A4rm%C3%A4-digital-oy
PHP (FullStack) Entwickler (m/w/d) 100% Remote,"Computer Futures
                        via
Computer Futures Solutions GmbH",https://stackoverflow.com/jobs/524216/php-fullstack-entwickler-m-w-d-100-remote-computer-futures
Frontend Developer II - Remote (Outside US),Agiloft,https://stackoverflow.com/jobs/534053/frontend-developer-ii-remote-outside-us-agiloft
"Software Engineer, Frontend (Remote)",Brex,https://stackoverflow.com/jobs/525275/software-engineer-frontend-remote-brex
Software Engineer (m/w/d),wearTell Deutschland GmbH,https://stackoverflow.com/jobs/518590/software-engineer-m-w-d-weartell-deutschland-gmbh
Testautomatisierer (m/w/d),"Computer Futures
                        via
Computer Futures Solutions GmbH",https://stackoverflow.com/jobs/524714/testautomatisierer-m-w-d-computer-futures
Laravel Developer - 100% Remote,Cazana,https://stackoverflow.com/jobs/534998/laravel-developer-100-remote-cazana
Software Engineer - Elixir,SureSwift Capital,https://stackoverflow.com/jobs/536575/software-engineer-elixir-sureswift-capital
Frontend Software Engineer (Mid-Level),"Foodspace Technology, Inc.",https://stackoverflow.com/jobs/537675/frontend-software-engineer-mid-level-foodspace-technology-inc
Java Software Engineer,Surevine,https://stackoverflow.com/jobs/530347/java-software-engineer-surevine
Software Engineer - SDVI DevOps,SDVI,https://stackoverflow.com/jobs/451626/software-engineer-sdvi-devops-sdvi
Software Engineer (m/w/d),wearTell Deutschland GmbH,https://stackoverflow.com/jobs/518590/software-engineer-m-w-d-weartell-deutschland-gmbh
Lead Software Engineer (Core Engineering) at SaaS Healthcare Company,The Jellyvision Lab Inc.,https://stackoverflow.com/jobs/522831/lead-software-engineer-core-engineering-at-saas-the-jellyvision-lab-inc
Frontend Developer / Headless Expert,Magnolia International Ltd.,https://stackoverflow.com/jobs/525573/frontend-developer-headless-expert-magnolia-international-ltd
Senior Software Engineer,Patron Technology,https://stackoverflow.com/jobs/522009/senior-software-engineer-patron-technology
Software Engineer I,Energy Worldnet,https://stackoverflow.com/jobs/529297/software-engineer-i-energy-worldnet
Experienced Ruby Developer,SimplePay,https://stackoverflow.com/jobs/516780/experienced-ruby-developer-simplepay
Full Stack Developer (Django + React),Self Decode,https://stackoverflow.com/jobs/524866/full-stack-developer-django-plus-react-self-decode
Softwareentwickler (m/w/d) Web Frontend - Remote oder vor Ort,dsb ebusiness,https://stackoverflow.com/jobs/521137/softwareentwickler-m-w-d-web-frontend-remote-dsb-ebusiness
Senior Software Engineer - Front End,Keap,https://stackoverflow.com/jobs/492300/senior-software-engineer-front-end-keap
Fullstack Entwickler (m/w/d) in Hamburg,"Computer Futures
                        via
Computer Futures Solutions GmbH",https://stackoverflow.com/jobs/522732/fullstack-entwickler-m-w-d-in-hamburg-computer-futures
Senior and Mid-Level Frontend Developers,Graph Aware Limited,https://stackoverflow.com/jobs/505282/senior-and-mid-level-frontend-developers-graph-aware-limited
Fullstack Applications Developer,Fresh Technology,https://stackoverflow.com/jobs/538146/fullstack-applications-developer-fresh-technology
Senior Full Stack Software Engineer,BRG - The GAT Team,https://stackoverflow.com/jobs/535487/senior-full-stack-software-engineer-brg-the-gat-team
Full Stack Web Developer (remote/onsite),BeamNG GmbH,https://stackoverflow.com/jobs/532816/full-stack-web-developer-remote-onsite-beamng-gmbh
Frontend Developer-Office or Remote (m/f/x),Pepper Media Holding GmbH,https://stackoverflow.com/jobs/531176/frontend-developer-office-or-remote-m-f-x-pepper-media-holding-gmbh
Software Development Engineer in Test,SDVI,https://stackoverflow.com/jobs/219487/software-development-engineer-in-test-sdvi
Fullstack Web-Entwickler PHP/React (m/w/d) für E-Commerce Agentur aus Bremen,hmmh multimediahaus AG,https://stackoverflow.com/jobs/526714/fullstack-web-entwickler-php-react-m-w-d-f%C3%BCr-e-hmmh-multimediahaus-ag
Remote: Contract Senior Frontend Engineer,The Sensible Code Company,https://stackoverflow.com/jobs/530338/remote-contract-senior-frontend-engineer-the-sensible-code-company
Senior Front-end Developer,Bloomreach,https://stackoverflow.com/jobs/529094/senior-front-end-developer-bloomreach
Senior Front End developer,Apicbase Belgium,https://stackoverflow.com/jobs/526988/senior-front-end-developer-apicbase-belgium
Front End Engineer,Everli,https://stackoverflow.com/jobs/534744/front-end-engineer-everli
Desarrollador/a de software C #,Hahn Softwareentwicklung,https://stackoverflow.com/jobs/499656/desarrollador-a-de-software-c-sharp-hahn-softwareentwicklung
Software Architect (Django/Flask + React),Self Decode,https://stackoverflow.com/jobs/522628/software-architect-django-flask-plus-react-self-decode
Front-End Developer (React.js) - Platform mananging branded products (Remote),Pentalog,https://stackoverflow.com/jobs/530836/front-end-developer-reactjs-platform-pentalog
Full Stack Software Engineer,Applied,https://stackoverflow.com/jobs/530908/full-stack-software-engineer-applied
Full Stack Developer - remote,Qudosoft,https://stackoverflow.com/jobs/507650/full-stack-developer-remote-qudosoft
Sitecore Developer,"Carex Consulting Group
                        via
Carex Consulting Group",https://stackoverflow.com/jobs/538412/sitecore-developer-carex-consulting-group
Software Engineer - SDVI DevOps,SDVI,https://stackoverflow.com/jobs/451626/software-engineer-sdvi-devops-sdvi
"Remote Polyglot Software Engineer – TDD, XP, JavaScript",Pragmateam,https://stackoverflow.com/jobs/523004/remote-polyglot-software-engineer-tdd-xp-pragmateam
Senior Fullstack Engineer (Remote),RELE.AI,https://stackoverflow.com/jobs/530328/senior-fullstack-engineer-remote-releai
Fullstack Developer (f/m/d),LILLYDOO GmbH,https://stackoverflow.com/jobs/531090/fullstack-developer-f-m-d-lillydoo-gmbh
Support Engineer,SDVI,https://stackoverflow.com/jobs/492303/support-engineer-sdvi
Cloud Systems Architect,Invitae Corporation,https://stackoverflow.com/jobs/533806/cloud-systems-architect-invitae-corporation
Senior Software Engineer,uShip,https://stackoverflow.com/jobs/537938/senior-software-engineer-uship
Senior Software Engineer,Genesys,https://stackoverflow.com/jobs/526795/senior-software-engineer-genesys
Full Stack Engineer,Deepgram,https://stackoverflow.com/jobs/430520/full-stack-engineer-deepgram
Fullstack Developer (m/w/d) remote,best it GmbH & Co. KG,https://stackoverflow.com/jobs/512059/fullstack-developer-m-w-d-remote-best-it-gmbh-co-kg
Senior UI Developer interested in collaborative hardware development,Wikifactory,https://stackoverflow.com/jobs/448569/senior-ui-developer-interested-in-collaborative-wikifactory
"Senior .Net Software Developer, Team Lead",Geotab,https://stackoverflow.com/jobs/529109/senior-net-software-developer-team-lead-geotab
Front End UI Engineer,Market America / Shop.com,https://stackoverflow.com/jobs/532915/front-end-ui-engineer-market-america-shopcom
Software Engineering Manager,Snap! Raise,https://stackoverflow.com/jobs/536593/software-engineering-manager-snap-raise
Senior Fullstack Developer,Cunexus,https://stackoverflow.com/jobs/528085/senior-fullstack-developer-cunexus
Full Stack Technical Lead,SSENSE,https://stackoverflow.com/jobs/516156/full-stack-technical-lead-ssense
Full Stack Developer Automotive Visualization (m/f/d),Audi Business Innovation GmbH,https://stackoverflow.com/jobs/538335/full-stack-developer-automotive-visualization-m-audi-business-innovation-gmbh
Senior JavaScript Engineer (Canada Remote),Fullscript,https://stackoverflow.com/jobs/537648/senior-javascript-engineer-canada-remote-fullscript
Senior React Engineer NYC,"Clinical.ly, Inc.",https://stackoverflow.com/jobs/519607/senior-react-engineer-nyc-clinically-inc
Lead Ruby on Rails Engineer - Remote,BiTE interactive,https://stackoverflow.com/jobs/518363/lead-ruby-on-rails-engineer-remote-bite-interactive
Technical Lead/Developer (Microsoft Stack) - Remote,BlueModus,https://stackoverflow.com/jobs/536285/technical-lead-developer-microsoft-stack-bluemodus
"Full Stack Web Developer (m/w/d), Vollzeit, 100% Home-Office",Raven51 AG,https://stackoverflow.com/jobs/528854/full-stack-web-developer-m-w-d-vollzeit-100-raven51-ag
Remote Ruby on Rails Developer (US or Canada),BiTE interactive,https://stackoverflow.com/jobs/518364/remote-ruby-on-rails-developer-us-or-canada-bite-interactive
"Full Stack Web Developer (m/w/d), Vollzeit, 100% Home-Office",Raven51 AG,https://stackoverflow.com/jobs/528854/full-stack-web-developer-m-w-d-vollzeit-100-raven51-ag
Engineering Manager - CWM Tools,Supermetrics Oy,https://stackoverflow.com/jobs/537605/engineering-manager-cwm-tools-supermetrics-oy
Senior Software Engineer,Snap! Raise,https://stackoverflow.com/jobs/534748/senior-software-engineer-snap-raise
Senior Front End Engineer,Cie,https://stackoverflow.com/jobs/528550/senior-front-end-engineer-cie
Senior Frontend Software Engineer (United States and Canada),Circle,https://stackoverflow.com/jobs/496056/senior-frontend-software-engineer-united-states-circle
Frontend Integration Engineer (eCommerce),proton.ai,https://stackoverflow.com/jobs/536352/frontend-integration-engineer-ecommerce-protonai
Software Engeering Manager - Mobile Engineering,Givelify,https://stackoverflow.com/jobs/528571/software-engeering-manager-mobile-engineering-givelify
Senior Java Engineer - Cleanhub - Germany,Confido Talent,https://stackoverflow.com/jobs/536041/senior-java-engineer-cleanhub-germany-confido-talent
Senior Frontend Software Engineer (Europe),Circle,https://stackoverflow.com/jobs/496058/senior-frontend-software-engineer-europe-circle
Senior Quality Engineer & Quality Engineer-Remote US (Level based on experience),Ultranauts Inc,https://stackoverflow.com/jobs/514642/senior-quality-engineer-quality-engineer-remote-ultranauts-inc
Frontend Senior Engineer,Bitso,https://stackoverflow.com/jobs/536310/frontend-senior-engineer-bitso
Senior Frontend Engineer,Nebulab,https://stackoverflow.com/jobs/533669/senior-frontend-engineer-nebulab
"Engineering Manager, Front End",Think Company,https://stackoverflow.com/jobs/536374/engineering-manager-front-end-think-company
Backend Java Developer,Tradeshift,https://stackoverflow.com/jobs/533090/backend-java-developer-tradeshift
Full Stack Engineer,SimpleNexus LLC,https://stackoverflow.com/jobs/523006/full-stack-engineer-simplenexus-llc
Healthcare C# Server-Side Developer,In Touch Technologies,https://stackoverflow.com/jobs/528689/healthcare-c-sharp-server-side-developer-in-touch-technologies
Senior Software Engineer - Frontend (location flexible),Quartz Media Inc,https://stackoverflow.com/jobs/533790/senior-software-engineer-frontend-location-quartz-media-inc
Senior Full Stack Software Engineer,Samotics,https://stackoverflow.com/jobs/516831/senior-full-stack-software-engineer-samotics
Front End Engineer,Zype,https://stackoverflow.com/jobs/536105/front-end-engineer-zype
Senior GoLang Developer,"Gorilla Logic, Inc.",https://stackoverflow.com/jobs/530528/senior-golang-developer-gorilla-logic-inc
Senior Full Stack Developer - Remote,Insider,https://stackoverflow.com/jobs/456301/senior-full-stack-developer-remote-insider
React Web Developer,Carbonara,https://stackoverflow.com/jobs/510708/react-web-developer-carbonara
Fullstack Software Engineer,Outschool,https://stackoverflow.com/jobs/529712/fullstack-software-engineer-outschool
Senior React Developer,Supermetrics Oy,https://stackoverflow.com/jobs/524132/senior-react-developer-supermetrics-oy
Laravel Jedi,Creative Force Ltd,https://stackoverflow.com/jobs/527987/laravel-jedi-creative-force-ltd
Fullstack Software Engineer,Outschool,https://stackoverflow.com/jobs/529712/fullstack-software-engineer-outschool
Senior React Developer,Supermetrics Oy,https://stackoverflow.com/jobs/524132/senior-react-developer-supermetrics-oy
Software Engineer Manager - Frontend,Givelify,https://stackoverflow.com/jobs/527431/software-engineer-manager-frontend-givelify
Front-end Designer (Australia - remote),Octopus Deploy,https://stackoverflow.com/jobs/525455/front-end-designer-australia-remote-octopus-deploy
FRONTEND React JS Lead/Senior Developers; 3 Day Weekend; Distributed Team,Laminar,https://stackoverflow.com/jobs/500256/frontend-react-js-lead-senior-developers-3-day-laminar
Senior Front End Engineer (React),Flashpoint,https://stackoverflow.com/jobs/533446/senior-front-end-engineer-react-flashpoint
Front End Engineer with React - VMware Carbon Black,VMware Bulgaria,https://stackoverflow.com/jobs/530404/front-end-engineer-with-react-vmware-carbon-vmware-bulgaria
Senior Backend Engineer - Location Flexible,"Volusion, LLC",https://stackoverflow.com/jobs/443231/senior-backend-engineer-location-flexible-volusion-llc
Remote Site Reliability Engineer,Blue Code International AG,https://stackoverflow.com/jobs/536351/remote-site-reliability-engineer-blue-code-international-ag
Senior Full Stack Software Engineer,Staging &amp; Design Network,https://stackoverflow.com/jobs/533475/senior-full-stack-software-engineer-staging-amp-design-network
Senior Platform Services Software Engineer (United States and Canada),Circle,https://stackoverflow.com/jobs/496060/senior-platform-services-software-engineer-circle
Full Stack Engineer (Ruby on Rails),The Lifetime Value Co.,https://stackoverflow.com/jobs/535016/full-stack-engineer-ruby-on-rails-the-lifetime-value-co
Senior PHP Developer,Defiant Inc,https://stackoverflow.com/jobs/500281/senior-php-developer-defiant-inc
Senior Platform Services Software Engineer (Europe),Circle,https://stackoverflow.com/jobs/496059/senior-platform-services-software-engineer-circle
Sr. Software Engineer,6Connex,https://stackoverflow.com/jobs/532934/sr-software-engineer-6connex
Senior Full-Stack Developer,Lastmile Retail,https://stackoverflow.com/jobs/523843/senior-full-stack-developer-lastmile-retail
Senior Python Engineer - Remote,SmileDirectClub,https://stackoverflow.com/jobs/538691/senior-python-engineer-remote-smiledirectclub
Senior Front-end Developer (Remote),SORAMITSU,https://stackoverflow.com/jobs/522571/senior-front-end-developer-remote-soramitsu
Software Developer (remote or onsite),Aptera Software,https://stackoverflow.com/jobs/455016/software-developer-remote-or-onsite-aptera-software
"Manager, Software Engineering (United States and Canada)",Circle,https://stackoverflow.com/jobs/496048/manager-software-engineering-united-states-and-circle
Senior Software Engineer,SimpleNexus LLC,https://stackoverflow.com/jobs/523125/senior-software-engineer-simplenexus-llc
"Manager, Software Engineering (Europe)",Circle,https://stackoverflow.com/jobs/496049/manager-software-engineering-europe-circle
React Developer,"Jogg, Inc",https://stackoverflow.com/jobs/531585/react-developer-jogg-inc
Software Engineer - Full Stack (Mid-Senior),Olo,https://stackoverflow.com/jobs/448572/software-engineer-full-stack-mid-senior-olo
